Murata,murata_69_09168015@gmail.com,123,1234,1234,123,1234,?????????????1-2-10
Fujii,fujii_etsuko_45310315@yahoo.co.jp,123,1235,1234,123,1234,?????????3-2-9
Ogata,ogata_yuuki_92444180@gmail.com,123,1236,1234,123,1234,??????????????2-3-702
Obata,obata428_98217104@gmail.com,123,1237,1234,123,1234,????????????2-5-8
Takaoka,takeshi_takaoka_35664511@gmail.com,123,1238,1234,123,1234,????????????3-5-13
Ninomiya,ninomiyadaisuke_66584171@hotmaill.com,123,1239,1234,123,1234,???????????2-1-6
Moriyama,moriyama_atsushi_06732830@gmail.com,123,1240,1234,123,1234,?????????3-5-903
Kitayama,kitayama314_14775975@gmail.com,123,1241,1234,123,1234,???????????3-4-18
Shinozaki,shinozakikoichi_91992159@hotmaill.com,123,1242,1234,123,1234,?????????????3-1-13
Doi,doi_kei_23518840@hotmaill.com,123,1243,1234,123,1234,????????3-5-1103
Kimura,kimura_327_71487533@yahoo.co.jp,123,1244,1234,123,1234,????????????1-3-3
Nakamura,nakamura_koji_67762901@hotmaill.com,123,1245,1234,123,1234,???????????1-2-7
Nakane,nakane_akihiro_23783203@gmail.com,123,1246,1234,123,1234,????????1-2-10
Matsuno,matsuno_53_00450503@hotmaill.com,123,1247,1234,123,1234,????????1-1-1009
Fujimoto,fujimoto611_33064166@yahoo.co.jp,123,1248,1234,123,1234,??????????????3-5-7
Horiuchi,horiuchi_723_15787441@yahoo.co.jp,123,1249,1234,123,1234,????????????1-5-10
Iijima,iijima_tomoko_60346991@hotmaill.com,123,1250,1234,123,1234,????????1-2-10
Nagamine,nagamine_yoshihiko_07877813@yahoo.co.jp,123,1251,1234,123,1234,????????2-1-22????????714
Morinaga,morinaga_66_75668191@gmail.com,123,1252,1234,123,1234,??????????4-2-6
Kawaguchi,masaki_kawaguchi_26375127@hotmaill.com,123,1253,1234,123,1234,???????????1-3-802
Endou,toshimichi_endou_46589218@gmail.com,123,1254,1234,123,1234,?????????1-1-5?????615
Sakurai,sakurai_1120_70123943@yahoo.co.jp,123,1255,1234,123,1234,?????????2-1-13
Nagata,yuutanagata_75843698@gmail.com,123,1256,1234,123,1234,???????????3-1-1102??????801
Seshimo,seshimo217_67776143@yahoo.co.jp,123,1257,1234,123,1234,????????????4-2-9
Maekawa,makikomaekawa_94862534@yahoo.co.jp,123,1258,1234,123,1234,???????????4-3-5????409
Sugiyama,sugiyamakenichi_88796213@yahoo.co.jp,123,1259,1234,123,1234,??????????2-5-7
Matsushita,matsushita_731_03111557@hotmaill.com,123,1260,1234,123,1234,???????????3-2-10???304
Sawada,sawada_rie_46277252@yahoo.co.jp,123,1261,1234,123,1234,?????????3-3-8
Hashimoto,hashimoto_yousuke_91324934@yahoo.co.jp,123,1262,1234,123,1234,????????2-2-8
Ichikawa,yoshifumi_ichikawa_70662248@yahoo.co.jp,123,1263,1234,123,1234,?????????4-1-7??316
Nakamura,emikonakamura_39698822@gmail.com,123,1264,1234,123,1234,?????????2-2-1104
Ono,ono_1129_71290210@yahoo.co.jp,123,1265,1234,123,1234,??????????3-5-403
Takano,takano_atsushi_97891102@yahoo.co.jp,123,1266,1234,123,1234,????????1-4-17
Okuda,okuda621_47989193@gmail.com,123,1267,1234,123,1234,????????????2-2-13
Katayama,katayama89_74845892@hotmaill.com,123,1268,1234,123,1234,?????????2-3-1101
Aoki,aokihiroko_53254563@hotmaill.com,123,1269,1234,123,1234,??????????1-2-8??????406
Sano,sanoaya_54766595@hotmaill.com,123,1270,1234,123,1234,??????????2-1-10
Takemura,takemura_425_55409866@gmail.com,123,1271,1234,123,1234,????????1-2-709
Doi,kozou_doi_98759866@gmail.com,123,1272,1234,123,1234,?????????1-2-10
Kawai,kenji_kawai_09957829@hotmaill.com,123,1273,1234,123,1234,???????????2-3-6
Hoshino,hoshino_105_89512376@gmail.com,123,1274,1234,123,1234,?????????3-2-17
Noguchi,noguchisakae_76575673@yahoo.co.jp,123,1275,1234,123,1234,?????????3-3-15
Saito,saito_hironori_26963055@hotmaill.com,123,1276,1234,123,1234,?????????3-2-12
Kanda,saikokanda_01038562@yahoo.co.jp,123,1277,1234,123,1234,?????????????2-4-21
Sato,kazuhito_sato_57861643@gmail.com,123,1278,1234,123,1234,???????4-3-4???????406
Shimada,kenjishimada_18839494@gmail.com,123,1279,1234,123,1234,??????????3-2-22
Oikawa,oikawa_kazumi_66320763@yahoo.co.jp,123,1280,1234,123,1234,????????????3-4-19
Tsuneizumi,tsuneizumi28_71059892@yahoo.co.jp,123,1281,1234,123,1234,??????????2-3-21
Urakami,urakamihajime_51478091@hotmaill.com,123,1282,1234,123,1234,????????1-2-8
Yamamoto,yamamotoyuusuke_49317501@gmail.com,123,1283,1234,123,1234,?????????????2-1-16
Tamura,tamuratakao_30104410@hotmaill.com,123,1284,1234,123,1234,?????????1-3-6
Yoshino,yoshino219_74175716@gmail.com,123,1285,1234,123,1234,??????????2-2-10????????509
Arai,mamoruarai_40338181@gmail.com,123,1286,1234,123,1234,????????????2-2-14
Kodera,yukiko_kodera_08247644@hotmaill.com,123,1287,1234,123,1234,????????????1-5-607
Katayama,emiko_katayama_00002863@gmail.com,123,1288,1234,123,1234,??????????3-1-16
Hanawa,hanawa_88_96402210@gmail.com,123,1289,1234,123,1234,?????????3-3-6
Watanabe,watanabe_narumi_22213188@hotmaill.com,123,1290,1234,123,1234,???????????3-2-5
Tanioka,tomokotanioka_22554717@yahoo.co.jp,123,1291,1234,123,1234,??????????3-3-21
Takada,akihirotakada_78982919@yahoo.co.jp,123,1292,1234,123,1234,??????????4-1-7
Fukuchi,toshiyukifukuchi_81431780@yahoo.co.jp,123,1293,1234,123,1234,???????????4-3-9
Yanagisawa,yanagisawa620_74370984@hotmaill.com,123,1294,1234,123,1234,?????????????1-1-6
Watanabe,watanabe68_73090919@gmail.com,123,1295,1234,123,1234,????????????3-3-10
Yamaguchi,yuu_yamaguchi_03531608@gmail.com,123,1296,1234,123,1234,??????????1-2-21
Yoshida,yoshida_922_82286748@hotmaill.com,123,1297,1234,123,1234,????????1-4-18
Fukunaga,fukunaga_105_09276310@hotmaill.com,123,1298,1234,123,1234,???????????4-2-4???????305
Takushima,akaritakushima_65876692@gmail.com,123,1299,1234,123,1234,?????????2-3-3
Yamano,yamano_nobuko_72225870@yahoo.co.jp,123,1300,1234,123,1234,??????????1-4-15
Takeoka,takeoka112_09551513@gmail.com,123,1301,1234,123,1234,???????????4-3-4
Itaya,itaya329_14645958@yahoo.co.jp,123,1302,1234,123,1234,????????????1-2-8
Tanaka,tanaka_109_87609053@gmail.com,123,1303,1234,123,1234,????????3-2-5????601
Ishiyama,ishiyama_1215_11570945@yahoo.co.jp,123,1304,1234,123,1234,?????????????1-1-21?????????305
Akiyama,eijiakiyama_07332040@gmail.com,123,1305,1234,123,1234,?????????????1-1-7
Aota,aota_316_62342717@hotmaill.com,123,1306,1234,123,1234,??????????????2-2-22????215
Shimura,naokoshimura_06117652@hotmaill.com,123,1307,1234,123,1234,??????????2-2-9
Tanaka,daichi_tanaka_47546414@hotmaill.com,123,1308,1234,123,1234,????????????3-1-10
Konishi,jun_konishi_65457839@hotmaill.com,123,1309,1234,123,1234,????????3-5-5????311
Mizuno,mizuno_kenichi_89508922@hotmaill.com,123,1310,1234,123,1234,???????????4-1-8
Murakoshi,mayumi_murakoshi_69264590@gmail.com,123,1311,1234,123,1234,?????????2-4-22
Tozawa,tozawa_725_17817745@yahoo.co.jp,123,1312,1234,123,1234,?????????3-4-21
Sekine,sekine_tae_27428368@yahoo.co.jp,123,1313,1234,123,1234,?????????2-1-8
Kitamura,saorikitamura_36431757@yahoo.co.jp,123,1314,1234,123,1234,???????????2-2-10
Miyagawa,miyagawachika_92574565@gmail.com,123,1315,1234,123,1234,?????????????2-2-3
Eda,eda67_60238132@yahoo.co.jp,123,1316,1234,123,1234,?????????4-1-3
Kido,noriko_kido_67339775@yahoo.co.jp,123,1317,1234,123,1234,????????????3-4-19
Sakoda,sakoda32_87801908@gmail.com,123,1318,1234,123,1234,????????3-2-6
Nakajima,junichinakajima_97857681@hotmaill.com,123,1319,1234,123,1234,??????????2-2-10
Shimura,minorushimura_16555716@gmail.com,123,1320,1234,123,1234,????????3-2-7??????312
Matsui,matsui35_36290643@yahoo.co.jp,123,1321,1234,123,1234,?????????????4-2-5
Yamazaki,yamazaki_junko_83854265@gmail.com,123,1322,1234,123,1234,???????????2-1-7??????306
Yamaguchi,yamaguchi_naohisa_46249607@gmail.com,123,1323,1234,123,1234,???????????1-3-3
Wakamatsu,wakamatsu710_12593611@gmail.com,123,1324,1234,123,1234,????????2-1-10
Endou,yuuyaendou_01265844@yahoo.co.jp,123,1325,1234,123,1234,?????????2-4-3
Yanagimoto,makotoyanagimoto_24769636@yahoo.co.jp,123,1326,1234,123,1234,?????????1-3-403
Sasaki,sasaki_89_45566803@gmail.com,123,1327,1234,123,1234,????????????1-4-11????????516
Yoshida,yoshida_818_83189122@hotmaill.com,123,1328,1234,123,1234,??????????2-1-909?????????516
Tsujino,takashitsujino_91598029@yahoo.co.jp,123,1329,1234,123,1234,?????????1-1-11
Kinjou,kinjou713_94480396@hotmaill.com,123,1330,1234,123,1234,??????????????2-1-3
Hasegawa,hasegawa_929_30049454@gmail.com,123,1331,1234,123,1234,????????1-3-11
Mitoma,mitoma_jun_56764182@gmail.com,123,1332,1234,123,1234,?????????1-3-15????716
Murayama,masakimurayama_88109686@yahoo.co.jp,123,1333,1234,123,1234,?????????3-2-11
Abe,abetaku_73389129@yahoo.co.jp,123,1334,1234,123,1234,???????2-3-12
Hori,takako_hori_12489787@hotmaill.com,123,1335,1234,123,1234,????????1-1-4??606
Hattori,hattori_wataru_40448973@gmail.com,123,1336,1234,123,1234,???????????2-3-18
Kanno,kanno73_56737552@hotmaill.com,123,1337,1234,123,1234,?????????3-2-405?????811
Yoshida,yoshida_michi_51818862@yahoo.co.jp,123,1338,1234,123,1234,?????????2-2-10??????109
Aono,atsukoaono_38851467@yahoo.co.jp,123,1339,1234,123,1234,??????????2-2-6
Kikuchi,kikuchi_1123_84583628@hotmaill.com,123,1340,1234,123,1234,??????????3-3-5
Morita,morita_51_34775137@yahoo.co.jp,123,1341,1234,123,1234,?????????????1-3-11
Tsubota,akihirotsubota_22035597@gmail.com,123,1342,1234,123,1234,?????????????2-2-3
Shibamoto,shibamotochie_19781309@gmail.com,123,1343,1234,123,1234,????????3-2-805
Hori,kentarouhori_80420495@hotmaill.com,123,1344,1234,123,1234,?????????????1-3-16
Abe,abe_mai_97455033@yahoo.co.jp,123,1345,1234,123,1234,?????????2-5-18
Tsubono,teruaki_tsubono_75673883@hotmaill.com,123,1346,1234,123,1234,?????????3-3-9
Sasaki,sasaki_yumi_25689859@yahoo.co.jp,123,1347,1234,123,1234,???????????4-3-10
Endou,endoufumi_99750009@yahoo.co.jp,123,1348,1234,123,1234,????????3-3-5
Tamura,tamura_seiichi_83513647@hotmaill.com,123,1349,1234,123,1234,??????????2-4-15
Kinoshita,sanae_kinoshita_35184034@gmail.com,123,1350,1234,123,1234,??????????3-1-8
Shibukawa,shibukawa_228_35215425@hotmaill.com,123,1351,1234,123,1234,????????????1-5-8
Kamata,kamatayasuo_74704688@yahoo.co.jp,123,1352,1234,123,1234,????????2-1-17??????304
Onishi,onishi_107_12750040@gmail.com,123,1353,1234,123,1234,?????????2-1-1208
Kametani,kametani118_64291009@hotmaill.com,123,1354,1234,123,1234,????????????3-1-19
Honda,honda_tomoyuki_67643991@hotmaill.com,123,1355,1234,123,1234,?????????2-3-10
Oka,takayuki_oka_51491131@gmail.com,123,1356,1234,123,1234,??????????2-1-6
Matsumoto,matsumoto_hiroko_90514399@yahoo.co.jp,123,1357,1234,123,1234,???????????3-4-8
Furukawa,tomoko_furukawa_42345738@hotmaill.com,123,1358,1234,123,1234,???????????2-1-15
Nishio,kosukenishio_94969195@yahoo.co.jp,123,1359,1234,123,1234,????????????1-2-4
Nishizawa,nishizawa_satoru_60819985@yahoo.co.jp,123,1360,1234,123,1234,?????????????4-3-9
Hirata,hirata108_32349405@yahoo.co.jp,123,1361,1234,123,1234,????????????4-1-3
Narita,midori_narita_27642598@hotmaill.com,123,1362,1234,123,1234,??????????3-2-5
Fujii,yutakafujii_89856707@gmail.com,123,1363,1234,123,1234,?????????2-5-8
Sakai,sakai_hirokazu_15112454@gmail.com,123,1364,1234,123,1234,????????????2-4-9
Sato,satotomokazu_16931889@hotmaill.com,123,1365,1234,123,1234,?????????????3-1-12
Watai,watai_takuya_44087839@gmail.com,123,1366,1234,123,1234,????????????3-5-17
Ito,atsushi_ito_47586266@gmail.com,123,1367,1234,123,1234,????????????4-1-8
Shimabukuro,midorishimabukuro_28739212@gmail.com,123,1368,1234,123,1234,????????????1-3-6
Tsubaki,tsubaki_929_12464191@gmail.com,123,1369,1234,123,1234,?????????1-5-201
Suzuki,suzuki526_91992386@gmail.com,123,1370,1234,123,1234,??????????3-4-5
Miura,miura_toshiko_94740636@gmail.com,123,1371,1234,123,1234,???????????1-1-9
Tamagawa,tamagawasatoshi_78234678@yahoo.co.jp,123,1372,1234,123,1234,??????????????2-2-5
Bannai,shoukobannai_04249796@yahoo.co.jp,123,1373,1234,123,1234,????????????1-1-9
Udagawa,udagawa_hidekatsu_12573267@yahoo.co.jp,123,1374,1234,123,1234,????????????1-1-22?????810
Imamura,imamuraatsushi_78472324@hotmaill.com,123,1375,1234,123,1234,?????????????3-3-14??????510
Fujimoto,fujimoto_218_99833502@yahoo.co.jp,123,1376,1234,123,1234,????????3-3-7
Taguchi,katsuhidetaguchi_19852124@yahoo.co.jp,123,1377,1234,123,1234,???????????3-4-1206?????503
Murata,murata_715_99116102@hotmaill.com,123,1378,1234,123,1234,??????????2-4-14
Kinoshita,kinoshita_midori_87153464@gmail.com,123,1379,1234,123,1234,?????????3-1-3
Yoshida,yoshida_tomomi_20748044@yahoo.co.jp,123,1380,1234,123,1234,??????????3-4-21
Miura,yuukomiura_44005421@gmail.com,123,1381,1234,123,1234,??????????????4-1-4????709
Kamiya,kyouhei_kamiya_37958926@yahoo.co.jp,123,1382,1234,123,1234,???????1-5-12
Nishihara,iorinishihara_84922127@hotmaill.com,123,1383,1234,123,1234,??????????1-3-3
Nakatsukasa,norikonakatsukasa_01964723@hotmaill.com,123,1384,1234,123,1234,?????????4-3-4
Watanabe,watanabenaoko_99729189@gmail.com,123,1385,1234,123,1234,?????????2-4-5
Chiba,chiba58_33017192@hotmaill.com,123,1386,1234,123,1234,?????????1-2-10
Kurooka,kurooka_shinji_59949484@yahoo.co.jp,123,1387,1234,123,1234,???????????2-1-4
Fukai,hideki_fukai_68198029@hotmaill.com,123,1388,1234,123,1234,?????????1-2-9
Ido,asako_ido_97103548@yahoo.co.jp,123,1389,1234,123,1234,?????????????1-1-8
Okabe,okabe_yukiko_94805516@gmail.com,123,1390,1234,123,1234,?????????3-3-706
Tamaki,tamaki_keiko_36139099@yahoo.co.jp,123,1391,1234,123,1234,?????????1-1-3
Yoshida,yoshida_atsuko_10633020@yahoo.co.jp,123,1392,1234,123,1234,?????????3-2-6
Ito,chiharu_ito_81893475@gmail.com,123,1393,1234,123,1234,???????????1-1-9
Tamura,tamurachieko_34629376@gmail.com,123,1394,1234,123,1234,?????????2-3-10
Kanno,katsuyakanno_11234436@gmail.com,123,1395,1234,123,1234,??????????????2-1-902
Nakamura,katsuhisanakamura_98821989@hotmaill.com,123,1396,1234,123,1234,????????????3-3-8??404
Kondou,mayumi_kondou_40363165@gmail.com,123,1397,1234,123,1234,????????1-1-4??????410
Takagi,takagiyouko_00920040@gmail.com,123,1398,1234,123,1234,???????????2-3-3
Oguri,oguri520_91666743@hotmaill.com,123,1399,1234,123,1234,???????????2-3-5
Tadokoro,tadokorokazuko_37718864@hotmaill.com,123,1400,1234,123,1234,?????????3-3-6
Ito,itoai_95932573@yahoo.co.jp,123,1401,1234,123,1234,????????3-2-3
Nakauchi,rienakauchi_44068632@gmail.com,123,1402,1234,123,1234,?????????2-3-3??????601
Iino,iinohisato_51017081@yahoo.co.jp,123,1403,1234,123,1234,??????????????4-2-3???512
Matsumoto,matsumoto730_18206809@yahoo.co.jp,123,1404,1234,123,1234,???????????1-3-802
Koike,koike_misa_16316444@gmail.com,123,1405,1234,123,1234,?????????2-1-11???612
Murakami,murakami417_66868449@gmail.com,123,1406,1234,123,1234,?????????4-1-4
Kubo,kubo_akina_95814637@hotmaill.com,123,1407,1234,123,1234,???????????4-2-10
Shimizu,shimizu_tomohiko_97857142@gmail.com,123,1408,1234,123,1234,?????????3-1-10????214
Tsukada,motoharu_tsukada_29799596@gmail.com,123,1409,1234,123,1234,????????2-3-9????504
Shibata,shibata_724_68002218@hotmaill.com,123,1410,1234,123,1234,?????????2-3-6
Kato,kato1127_37898417@gmail.com,123,1411,1234,123,1234,????????1-5-19
Baba,babashinobu_49622175@gmail.com,123,1412,1234,123,1234,????????????2-2-6
Nakano,kaori_nakano_32545278@hotmaill.com,123,1413,1234,123,1234,??????????3-5-5
Fujisawa,fujisawa125_07572070@yahoo.co.jp,123,1414,1234,123,1234,??????????3-2-8
Sato,sato926_36780131@gmail.com,123,1415,1234,123,1234,???????????2-1-5
Katagiri,katagiriyoshinori_32280517@hotmaill.com,123,1416,1234,123,1234,???????????2-2-4
Tanaka,tanakaryousuke_69308444@hotmaill.com,123,1417,1234,123,1234,??????????3-3-6
Yamazaki,kenji_yamazaki_18447606@gmail.com,123,1418,1234,123,1234,??????????1-1-20
Watanabe,watanabe1020_52842142@gmail.com,123,1419,1234,123,1234,?????????2-2-704
Fukuda,yuifukuda_29726451@gmail.com,123,1420,1234,123,1234,?????????1-2-8
Ishikawa,ishikawa65_75840131@yahoo.co.jp,123,1421,1234,123,1234,???????????2-4-13
Shinozaki,shinozaki_31_01084499@gmail.com,123,1422,1234,123,1234,????????????2-1-21
Takai,takai_47_57785757@gmail.com,123,1423,1234,123,1234,????????????4-2-4??????????313
Okuda,sachikookuda_71030245@yahoo.co.jp,123,1424,1234,123,1234,??????????3-3-5
Sogame,sogame_shuuichi_31026630@hotmaill.com,123,1425,1234,123,1234,?????????1-2-14????????114
Iwai,iwaisatoshi_15014245@gmail.com,123,1426,1234,123,1234,????????????3-1-703
Honda,ikumihonda_40578292@hotmaill.com,123,1427,1234,123,1234,??????????3-4-21
Konishi,konishi1219_93999842@gmail.com,123,1428,1234,123,1234,??????????????2-3-5????110
Morimoto,morimoto327_89330619@yahoo.co.jp,123,1429,1234,123,1234,??????????4-1-8??????512
Yoshida,shumpeiyoshida_22339550@gmail.com,123,1430,1234,123,1234,????????3-3-11
Nakano,nakano_221_70493672@yahoo.co.jp,123,1431,1234,123,1234,???????????2-3-10??????508
Nagamine,mikanagamine_38527700@hotmaill.com,123,1432,1234,123,1234,????????3-2-7
Igarashi,igarashi_nozomi_22762269@hotmaill.com,123,1433,1234,123,1234,?????????4-3-9
